{
  "before_bits": 4.15811,
  "after_bits": 4.271815,
  "delta_s": 0.11370500000000039,
  "timestamp": 1769155948.4395497,
  "constitutional_floor": "constitutional_demonstration",
  "authority": "Muhammad Arif bin Fazil",
  "uncertainty": 0.05,
  "vault_timestamp": 1769155948.439566
}