{
  "before_bits": 3.686419,
  "after_bits": 3.778424,
  "delta_s": 0.09200499999999989,
  "timestamp": 1769156741.8632512,
  "constitutional_floor": "constitutional_simple",
  "authority": "Muhammad Arif bin Fazil",
  "uncertainty": 0.0326,
  "vault_timestamp": 1769156741.8632734
}