{
  "before_bits": 4.004894,
  "after_bits": 4.054049,
  "delta_s": 0.04915499999999984,
  "timestamp": 1769156741.8643305,
  "constitutional_floor": "constitutional_complex",
  "authority": "Muhammad Arif bin Fazil",
  "uncertainty": 0.0373,
  "vault_timestamp": 1769156741.8643446
}