{
  "before_bits": 3.801377,
  "after_bits": 3.881005,
  "delta_s": 0.07962800000000003,
  "timestamp": 1769155948.442795,
  "constitutional_floor": "constitutional_ordered",
  "authority": "Muhammad Arif bin Fazil",
  "uncertainty": 0.033299999999999996,
  "vault_timestamp": 1769155948.4428046
}